Game,Date,Home,Away,Goals Home,Goals Away,Scorers,Assited,Pre assits,MOTM,Spelers (laatste kolom komt niet op webiste)
1,10/09/2023,BammBamm,De Rickvrienden,,,,,,,Arno
2,17/09/2023,VV Kroonhove,BammBamm,,,,,,,August
3,24/09/2023,Fc Veteranen Oost,BammBamm,,,,,,,Jakob
4,01/10/2023,BammBamm,VV Kroonhove,,,,,,,Jelle
5,08/10/2023,BammBamm,Sportgroep70,,,,,,,Jorre 
6,15/10/2023,Oud Savio,BammBamm,,,,,,,Jules
7,22/10/2023,Cup1,Cup1,,,,,,,Lennert
8,29/10/2023,bye,bye,,,,,,,Louis_D
9,05/11/2023,BammBamm,Borussia Vake,,,,,,,Louis_L
10,12/11/2023,Oud Ksa,BammBamm,,,,,,,Lucas
11,19/11/2023,BammBamm,VK Vogelzang,,,,,,,Milan
12,26/11/2023,Sport Na Arbeid,BammBamm,,,,,,,Nemo
13,03/12/2023,Cup2,Cup2,,,,,,,Pieter-Jan
14,10/12/2023,BammBamm,St.-Joris vrienden,,,,,,,Quinten
15,17/12/2023,bye,bye,,,,,,,Rembert
16,07/01/2024,bye,bye,,,,,,,Ruben
17,14/01/2024,De Rickvrienden,BammBamm,,,,,,,Rune
18,21/01/2024,bye,bye,,,,,,,Mirza 
19,28/01/2024,BammBamm,Fc Veteranen Oost,,,,,,,Senne
20,04/02/2024,BammBamm,VV Kroonhove,,,,,,,Sory
21,11/02/2024,Sportgroep70,BammBamm,,,,,,,Steven 
22,18/02/2024,BammBamm,Sport Na Arbeid,,,,,,,Tero
23,25/02/2024,Cup3,Cup3,,,,,,,Thibaut
24,03/03/2024,Borussia Vake,BammBamm,,,,,,,Thomas
25,10/03/2024,BammBamm,VK Vogelzang,,,,,,,Tibbe
26,17/03/2024,BammBamm,Oud KSA,,,,,,,Viktor
27,24/03/2024,Cup4,Cup4,,,,,,,Wout
28,07/04/2024,VK Vogelzang,BammBamm,,,,,,,
29,14/04/2024,BammBamm,Oud KSA,,,,,,,
30,21/04/2024,St.-Joris vrienden,BammBamm,,,,,,,
31,28/04/2024,Cup5,Cup5,,,,,,,
